id,backbone,reference_image,reference_patch,option_cos_image,option_cos_patch,option_l2_image,option_l2_patch,option_cos_act_vals,option_cos_act_percs,option_l2_act_vals,option_l2_act_percs,model_a,model_b,act_diff_per,reference_class,option_cos_class,option_l2_class,class_cos_equals,class_l2_equals,model,per_diff
row37_img_idx95_feisty-house_feisty-house_best_warm-beach_warm-beach_best_resnet50[pretraining=inaturalist],resnet50[pretraining=inaturalist],val_cropped/032.Mangrove_Cuckoo/Mangrove_Cuckoo_0039_26348.jpg,"[80, 0, 118, 123]",train_cropped/032.Mangrove_Cuckoo/Mangrove_Cuckoo_0038_794600.jpg,"[270, 50, 407, 122]",train_cropped/005.Crested_Auklet/Crested_Auklet_0062_794968.jpg,"[70, 43, 94, 110]",0.8907157778739929,100.0,0.7080938220024109,62.28955841064453,feisty-house,warm-beach,37.71044158935547,032.Mangrove_Cuckoo,032.Mangrove_Cuckoo,005.Crested_Auklet,True,False,feisty-house,37.71044158935547
row42_img_idx95_mellow-melon_mellow-melon_best_warm-beach_warm-beach_best_resnet50[pretraining=inaturalist],resnet50[pretraining=inaturalist],val_cropped/032.Mangrove_Cuckoo/Mangrove_Cuckoo_0039_26348.jpg,"[78, 0, 118, 123]",train_cropped/032.Mangrove_Cuckoo/Mangrove_Cuckoo_0015_26380.jpg,"[30, 0, 86, 81]",train_cropped/005.Crested_Auklet/Crested_Auklet_0062_794968.jpg,"[70, 43, 94, 110]",0.7829416990280151,99.32659912109376,0.7080938220024109,62.28955841064453,mellow-melon,warm-beach,37.03704071044923,032.Mangrove_Cuckoo,032.Mangrove_Cuckoo,005.Crested_Auklet,True,False,mellow-melon,37.03704071044923
row38_img_idx95_happy-temple_happy-temple_best_warm-beach_warm-beach_best_resnet50[pretraining=inaturalist],resnet50[pretraining=inaturalist],val_cropped/032.Mangrove_Cuckoo/Mangrove_Cuckoo_0039_26348.jpg,"[78, 0, 118, 129]",train_cropped/032.Mangrove_Cuckoo/Mangrove_Cuckoo_0050_794594.jpg,"[181, 38, 268, 67]",train_cropped/005.Crested_Auklet/Crested_Auklet_0062_794968.jpg,"[70, 43, 94, 110]",0.6454902291297913,98.1481475830078,0.7080938220024109,62.28955841064453,happy-temple,warm-beach,35.85858917236327,032.Mangrove_Cuckoo,032.Mangrove_Cuckoo,005.Crested_Auklet,True,False,happy-temple,35.85858917236327
row20_img_idx221_swift-vortex_swift-vortex_best_cozy-plume_cozy-plume_best_densenet161,densenet161,val_cropped/074.Florida_Jay/Florida_Jay_0108_64694.jpg,"[25, 37, 92, 77]",train_cropped/074.Florida_Jay/Florida_Jay_0002_64476.jpg,"[213, 40, 315, 92]",train_cropped/137.Cliff_Swallow/Cliff_Swallow_0044_133927.jpg,"[149, 33, 264, 166]",0.8935114741325378,100.0,1.6074295043945312,83.5016860961914,swift-vortex,cozy-plume,16.498313903808594,074.Florida_Jay,074.Florida_Jay,137.Cliff_Swallow,True,False,swift-vortex,16.498313903808594
row19_img_idx221_spunky-train_spunky-train_best_cozy-plume_cozy-plume_best_densenet161,densenet161,val_cropped/074.Florida_Jay/Florida_Jay_0108_64694.jpg,"[32, 41, 90, 80]",train_cropped/074.Florida_Jay/Florida_Jay_0036_65107.jpg,"[163, 81, 242, 166]",train_cropped/137.Cliff_Swallow/Cliff_Swallow_0044_133927.jpg,"[149, 33, 264, 166]",0.8176742196083069,100.0,1.6074295043945312,83.5016860961914,spunky-train,cozy-plume,16.498313903808594,074.Florida_Jay,074.Florida_Jay,137.Cliff_Swallow,True,False,spunky-train,16.498313903808594
row18_img_idx221_curvy-bridge_curvy-bridge_best_cozy-plume_cozy-plume_best_densenet161,densenet161,val_cropped/074.Florida_Jay/Florida_Jay_0108_64694.jpg,"[33, 39, 91, 82]",train_cropped/074.Florida_Jay/Florida_Jay_0053_64966.jpg,"[44, 109, 89, 205]",train_cropped/137.Cliff_Swallow/Cliff_Swallow_0044_133927.jpg,"[149, 33, 264, 166]",0.8799195289611816,100.0,1.6074295043945312,83.5016860961914,curvy-bridge,cozy-plume,16.498313903808594,074.Florida_Jay,074.Florida_Jay,137.Cliff_Swallow,True,False,curvy-bridge,16.498313903808594
row13_img_idx221_neat-house_neat-house_best_cozy-plume_cozy-plume_best_densenet161,densenet161,val_cropped/074.Florida_Jay/Florida_Jay_0108_64694.jpg,"[26, 37, 93, 73]",train_cropped/074.Florida_Jay/Florida_Jay_0047_65088.jpg,"[76, 61, 127, 160]",train_cropped/137.Cliff_Swallow/Cliff_Swallow_0044_133927.jpg,"[149, 33, 264, 166]",0.7213209867477417,99.49494934082033,1.6074295043945312,83.5016860961914,neat-house,cozy-plume,15.99326324462892,074.Florida_Jay,074.Florida_Jay,137.Cliff_Swallow,True,False,neat-house,15.99326324462892
row18_img_idx172_curvy-bridge_curvy-bridge_best_cozy-plume_cozy-plume_best_densenet161,densenet161,val_cropped/058.Pigeon_Guillemot/Pigeon_Guillemot_0068_40039.jpg,"[83, 39, 161, 76]",train_cropped/058.Pigeon_Guillemot/Pigeon_Guillemot_0024_39814.jpg,"[34, 86, 103, 156]",train_cropped/137.Cliff_Swallow/Cliff_Swallow_0018_132974.jpg,"[141, 0, 187, 63]",0.9207951426506042,100.0,1.61918044090271,85.3535385131836,curvy-bridge,cozy-plume,14.646461486816406,058.Pigeon_Guillemot,058.Pigeon_Guillemot,137.Cliff_Swallow,True,False,curvy-bridge,14.646461486816406
row18_img_idx121_curvy-bridge_curvy-bridge_best_cozy-plume_cozy-plume_best_densenet161,densenet161,val_cropped/041.Scissor_tailed_Flycatcher/Scissor_Tailed_Flycatcher_0077_41688.jpg,"[237, 39, 326, 72]",train_cropped/041.Scissor_tailed_Flycatcher/Scissor_Tailed_Flycatcher_0038_41649.jpg,"[57, 46, 85, 150]",train_cropped/137.Cliff_Swallow/Cliff_Swallow_0018_132974.jpg,"[141, 0, 187, 63]",0.7440782785415649,99.66329956054688,1.6333645582199097,86.02693939208984,curvy-bridge,cozy-plume,13.636360168457031,041.Scissor_tailed_Flycatcher,041.Scissor_tailed_Flycatcher,137.Cliff_Swallow,True,False,curvy-bridge,13.636360168457031
row37_img_idx46_feisty-house_feisty-house_best_warm-beach_warm-beach_best_resnet50[pretraining=inaturalist],resnet50[pretraining=inaturalist],val_cropped/016.Painted_Bunting/Painted_Bunting_0073_16737.jpg,"[184, 67, 287, 152]",train_cropped/016.Painted_Bunting/Painted_Bunting_0100_16735.jpg,"[52, 44, 116, 85]",train_cropped/011.Rusty_Blackbird/Rusty_Blackbird_0036_6550.jpg,"[62, 49, 191, 114]",0.8130016326904297,99.83164978027344,0.8143016695976257,88.55218505859375,feisty-house,warm-beach,11.279464721679688,016.Painted_Bunting,016.Painted_Bunting,011.Rusty_Blackbird,True,False,feisty-house,11.279464721679688
row36_img_idx301_soft-ocean_soft-ocean_best_warm-beach_warm-beach_best_resnet50[pretraining=inaturalist],resnet50[pretraining=inaturalist],val_cropped/101.White_Pelican/White_Pelican_0037_95570.jpg,"[109, 32, 223, 100]",train_cropped/101.White_Pelican/White_Pelican_0050_97913.jpg,"[142, 37, 249, 112]",train_cropped/005.Crested_Auklet/Crested_Auklet_0062_794968.jpg,"[70, 43, 94, 110]",0.9023371934890748,100.0,0.8739457130432129,91.41413879394533,soft-ocean,warm-beach,8.585861206054673,101.White_Pelican,101.White_Pelican,005.Crested_Auklet,True,False,soft-ocean,8.585861206054673
row38_img_idx213_happy-temple_happy-temple_best_warm-beach_warm-beach_best_resnet50[pretraining=inaturalist],resnet50[pretraining=inaturalist],val_cropped/072.Pomarine_Jaeger/Pomarine_Jaeger_0031_61420.jpg,"[69, 58, 116, 116]",train_cropped/072.Pomarine_Jaeger/Pomarine_Jaeger_0004_795796.jpg,"[71, 27, 143, 66]",train_cropped/026.Bronzed_Cowbird/Bronzed_Cowbird_0057_24074.jpg,"[132, 59, 225, 102]",0.7648277282714844,99.32659912109376,0.9251980185508728,91.24578857421876,happy-temple,warm-beach,8.080810546875,072.Pomarine_Jaeger,072.Pomarine_Jaeger,026.Bronzed_Cowbird,True,False,happy-temple,8.080810546875
row1_img_idx237_cheeky-unicorn_cheeky-unicorn_best_lively-temple_lively-temple_best_densenet161,densenet161,val_cropped/080.Green_Kingfisher/Green_Kingfisher_0048_71164.jpg,"[45, 25, 85, 54]",train_cropped/080.Green_Kingfisher/Green_Kingfisher_0032_71050.jpg,"[74, 63, 164, 116]",train_cropped/137.Cliff_Swallow/Cliff_Swallow_0044_133927.jpg,"[189, 84, 266, 161]",0.8643320202827454,100.0,1.4809058904647827,92.59259033203124,cheeky-unicorn,lively-temple,7.407409667968764,080.Green_Kingfisher,080.Green_Kingfisher,137.Cliff_Swallow,True,False,cheeky-unicorn,7.407409667968764
row7_img_idx100_snappy-dream_snappy-dream_best_true-season_true-season_best_densenet161,densenet161,val_cropped/034.Gray_crowned_Rosy_Finch/Gray_Crowned_Rosy_Finch_0052_27032.jpg,"[138, 45, 224, 99]",train_cropped/034.Gray_crowned_Rosy_Finch/Gray_Crowned_Rosy_Finch_0025_797274.jpg,"[65, 70, 142, 130]",train_cropped/011.Rusty_Blackbird/Rusty_Blackbird_0093_6628.jpg,"[34, 57, 115, 85]",0.7199104428291321,99.66329956054688,1.0958914756774902,92.42424011230467,snappy-dream,true-season,7.239059448242202,034.Gray_crowned_Rosy_Finch,034.Gray_crowned_Rosy_Finch,011.Rusty_Blackbird,True,False,snappy-dream,7.239059448242202
row8_img_idx15_quirky-spirit_quirky-spirit_best_true-season_true-season_best_densenet161,densenet161,val_cropped/006.Least_Auklet/Least_Auklet_0030_795116.jpg,"[68, 44, 121, 83]",train_cropped/006.Least_Auklet/Least_Auklet_0050_1924.jpg,"[57, 64, 121, 135]",train_cropped/072.Pomarine_Jaeger/Pomarine_Jaeger_0072_795743.jpg,"[59, 75, 163, 135]",0.8913565874099731,100.0,1.239434838294983,92.7609405517578,quirky-spirit,true-season,7.239059448242202,006.Least_Auklet,006.Least_Auklet,072.Pomarine_Jaeger,True,False,quirky-spirit,7.239059448242202
row6_img_idx100_witty-planet_witty-planet_best_true-season_true-season_best_densenet161,densenet161,val_cropped/034.Gray_crowned_Rosy_Finch/Gray_Crowned_Rosy_Finch_0052_27032.jpg,"[141, 44, 224, 95]",train_cropped/034.Gray_crowned_Rosy_Finch/Gray_Crowned_Rosy_Finch_0046_797295.jpg,"[89, 48, 153, 100]",train_cropped/011.Rusty_Blackbird/Rusty_Blackbird_0093_6628.jpg,"[34, 57, 115, 85]",0.8443683385848999,99.49494934082033,1.0958914756774902,92.42424011230467,witty-planet,true-season,7.070709228515653,034.Gray_crowned_Rosy_Finch,034.Gray_crowned_Rosy_Finch,011.Rusty_Blackbird,True,False,witty-planet,7.070709228515653
row2_img_idx237_calm-garden_calm-garden_best_lively-temple_lively-temple_best_densenet161,densenet161,val_cropped/080.Green_Kingfisher/Green_Kingfisher_0048_71164.jpg,"[50, 25, 87, 56]",train_cropped/080.Green_Kingfisher/Green_Kingfisher_0091_71248.jpg,"[37, 49, 89, 93]",train_cropped/137.Cliff_Swallow/Cliff_Swallow_0044_133927.jpg,"[189, 84, 266, 161]",0.7858784794807434,99.49494934082033,1.4809058904647827,92.59259033203124,calm-garden,lively-temple,6.902359008789091,080.Green_Kingfisher,080.Green_Kingfisher,137.Cliff_Swallow,True,False,calm-garden,6.902359008789091
row33_img_idx351_proud-circle_proud-circle_best_clever-wildcat_clever-wildcat_best_resnet50[pretraining=inaturalist],resnet50[pretraining=inaturalist],val_cropped/118.House_Sparrow/House_Sparrow_0111_112968.jpg,"[201, 34, 275, 94]",train_cropped/118.House_Sparrow/House_Sparrow_0086_111385.jpg,"[189, 43, 280, 113]",train_cropped/142.Black_Tern/Black_Tern_0066_144541.jpg,"[182, 70, 270, 121]",0.6332920789718628,98.48484802246094,0.4847498834133148,91.75083923339844,proud-circle,clever-wildcat,6.7340087890625,118.House_Sparrow,118.House_Sparrow,142.Black_Tern,True,False,proud-circle,6.7340087890625
row21_img_idx121_steady-beach_steady-beach_best_lively-temple_lively-temple_best_densenet161,densenet161,val_cropped/041.Scissor_tailed_Flycatcher/Scissor_Tailed_Flycatcher_0077_41688.jpg,"[240, 24, 326, 59]",train_cropped/041.Scissor_tailed_Flycatcher/Scissor_Tailed_Flycatcher_0038_41649.jpg,"[46, 57, 81, 142]",train_cropped/040.Olive_sided_Flycatcher/Olive_Sided_Flycatcher_0009_796885.jpg,"[47, 0, 71, 157]",0.5101800560951233,92.59259033203124,1.7101938724517822,98.98989868164062,steady-beach,lively-temple,6.397308349609389,041.Scissor_tailed_Flycatcher,041.Scissor_tailed_Flycatcher,040.Olive_sided_Flycatcher,True,False,steady-beach,6.397308349609389
row12_img_idx222_zany-plume_zany-plume_best_cozy-plume_cozy-plume_best_densenet161,densenet161,val_cropped/075.Green_Jay/Green_Jay_0066_65902.jpg,"[59, 45, 126, 115]",train_cropped/170.Mourning_Warbler/Mourning_Warbler_0059_795365.jpg,"[55, 61, 162, 138]",train_cropped/075.Green_Jay/Green_Jay_0016_65864.jpg,"[54, 53, 175, 105]",0.4451556205749511,91.75083923339844,1.4162399768829346,97.81144714355467,zany-plume,cozy-plume,6.060607910156236,075.Green_Jay,170.Mourning_Warbler,075.Green_Jay,False,True,zany-plume,6.060607910156236
row8_img_idx154_quirky-spirit_quirky-spirit_best_true-season_true-season_best_densenet161,densenet161,val_cropped/052.Pied_billed_Grebe/Pied_Billed_Grebe_0058_35503.jpg,"[67, 52, 144, 92]",train_cropped/052.Pied_billed_Grebe/Pied_Billed_Grebe_0068_35963.jpg,"[135, 63, 210, 109]",train_cropped/044.Frigatebird/Frigatebird_0021_42913.jpg,"[52, 44, 123, 95]",0.8021255135536194,99.49494934082033,1.0950928926467896,93.77104949951172,quirky-spirit,true-season,5.723899841308608,052.Pied_billed_Grebe,052.Pied_billed_Grebe,044.Frigatebird,True,False,quirky-spirit,5.723899841308608
row40_img_idx82_mellow-planet_mellow-planet_best_warm-beach_warm-beach_best_resnet50[pretraining=inaturalist],resnet50[pretraining=inaturalist],val_cropped/028.Brown_Creeper/Brown_Creeper_0063_24724.jpg,"[20, 61, 62, 128]",train_cropped/060.Glaucous_winged_Gull/Glaucous_Winged_Gull_0138_44694.jpg,"[276, 102, 410, 198]",train_cropped/028.Brown_Creeper/Brown_Creeper_0110_24866.jpg,"[38, 67, 98, 121]",0.4961873590946197,94.78114318847656,1.177951693534851,99.66329956054688,mellow-planet,warm-beach,4.8821563720703125,028.Brown_Creeper,060.Glaucous_winged_Gull,028.Brown_Creeper,False,True,mellow-planet,4.8821563720703125
row6_img_idx19_witty-planet_witty-planet_best_true-season_true-season_best_densenet161,densenet161,val_cropped/007.Parakeet_Auklet/Parakeet_Auklet_0025_795975.jpg,"[64, 50, 132, 148]",train_cropped/141.Artic_Tern/Artic_Tern_0092_141849.jpg,"[91, 95, 196, 174]",train_cropped/007.Parakeet_Auklet/Parakeet_Auklet_0048_795980.jpg,"[55, 0, 105, 143]",0.7979848384857178,95.28619384765624,2.577204465866089,100.0,witty-planet,true-season,4.713806152343764,007.Parakeet_Auklet,141.Artic_Tern,007.Parakeet_Auklet,False,True,witty-planet,4.713806152343764
row5_img_idx19_witty-planet_witty-planet_best_dapper-chair_dapper-chair_best_densenet161,densenet161,val_cropped/007.Parakeet_Auklet/Parakeet_Auklet_0025_795975.jpg,"[57, 48, 124, 136]",train_cropped/141.Artic_Tern/Artic_Tern_0092_141849.jpg,"[91, 95, 196, 174]",train_cropped/007.Parakeet_Auklet/Parakeet_Auklet_0074_795976.jpg,"[161, 58, 242, 160]",0.7979848384857178,95.28619384765624,2.0554935932159424,99.83164978027344,witty-planet,dapper-chair,4.545455932617202,007.Parakeet_Auklet,141.Artic_Tern,007.Parakeet_Auklet,False,True,witty-planet,4.545455932617202
row14_img_idx162_calm-garden_calm-garden_best_cozy-plume_cozy-plume_best_densenet161,densenet161,val_cropped/055.Evening_Grosbeak/Evening_Grosbeak_0016_37613.jpg,"[28, 39, 101, 97]",train_cropped/055.Evening_Grosbeak/Evening_Grosbeak_0069_37684.jpg,"[58, 64, 151, 140]",train_cropped/137.Cliff_Swallow/Cliff_Swallow_0018_132974.jpg,"[141, 0, 187, 63]",0.8637275099754333,99.83164978027344,2.00743055343628,95.28619384765624,calm-garden,cozy-plume,4.545455932617202,055.Evening_Grosbeak,055.Evening_Grosbeak,137.Cliff_Swallow,True,False,calm-garden,4.545455932617202
row19_img_idx162_spunky-train_spunky-train_best_cozy-plume_cozy-plume_best_densenet161,densenet161,val_cropped/055.Evening_Grosbeak/Evening_Grosbeak_0016_37613.jpg,"[27, 40, 101, 103]",train_cropped/055.Evening_Grosbeak/Evening_Grosbeak_0100_37863.jpg,"[80, 87, 153, 166]",train_cropped/137.Cliff_Swallow/Cliff_Swallow_0018_132974.jpg,"[141, 0, 187, 63]",0.7462661266326904,99.83164978027344,2.00743055343628,95.28619384765624,spunky-train,cozy-plume,4.545455932617202,055.Evening_Grosbeak,055.Evening_Grosbeak,137.Cliff_Swallow,True,False,spunky-train,4.545455932617202
row17_img_idx401_thrifty-heart_thrifty-heart_best_mighty-ribbon_mighty-ribbon_best_densenet161,densenet161,val_cropped/135.Bank_Swallow/Bank_Swallow_0067_129959.jpg,"[77, 43, 123, 81]",train_cropped/078.Gray_Kingbird/Gray_Kingbird_0038_70118.jpg,"[90, 24, 143, 58]",train_cropped/135.Bank_Swallow/Bank_Swallow_0054_129743.jpg,"[89, 106, 166, 193]",0.5350281000137329,95.9595947265625,2.469418525695801,100.0,thrifty-heart,mighty-ribbon,4.0404052734375,135.Bank_Swallow,078.Gray_Kingbird,135.Bank_Swallow,False,True,thrifty-heart,4.0404052734375
row37_img_idx445_feisty-house_feisty-house_best_warm-beach_warm-beach_best_resnet50[pretraining=inaturalist],resnet50[pretraining=inaturalist],val_cropped/150.Sage_Thrasher/Sage_Thrasher_0083_796450.jpg,"[230, 55, 303, 142]",train_cropped/150.Sage_Thrasher/Sage_Thrasher_0093_155501.jpg,"[174, 73, 289, 134]",train_cropped/110.Geococcyx/Geococcyx_0065_104806.jpg,"[141, 32, 268, 128]",0.8287311792373657,99.83164978027344,0.8738603591918945,96.4646453857422,feisty-house,warm-beach,3.367004394531236,150.Sage_Thrasher,150.Sage_Thrasher,110.Geococcyx,True,False,feisty-house,3.367004394531236
row1_img_idx121_cheeky-unicorn_cheeky-unicorn_best_lively-temple_lively-temple_best_densenet161,densenet161,val_cropped/041.Scissor_tailed_Flycatcher/Scissor_Tailed_Flycatcher_0077_41688.jpg,"[235, 18, 326, 56]",train_cropped/041.Scissor_tailed_Flycatcher/Scissor_Tailed_Flycatcher_0119_41879.jpg,"[0, 35, 133, 65]",train_cropped/040.Olive_sided_Flycatcher/Olive_Sided_Flycatcher_0009_796885.jpg,"[47, 0, 71, 157]",0.5644311308860779,95.79124450683594,1.7101938724517822,98.98989868164062,cheeky-unicorn,lively-temple,3.1986541748046875,041.Scissor_tailed_Flycatcher,041.Scissor_tailed_Flycatcher,040.Olive_sided_Flycatcher,True,False,cheeky-unicorn,3.1986541748046875
row14_img_idx24_calm-garden_calm-garden_best_cozy-plume_cozy-plume_best_densenet161,densenet161,val_cropped/009.Brewer_Blackbird/Brewer_Blackbird_0064_2290.jpg,"[57, 32, 133, 122]",train_cropped/009.Brewer_Blackbird/Brewer_Blackbird_0132_2293.jpg,"[125, 31, 179, 140]",train_cropped/027.Shiny_Cowbird/Shiny_Cowbird_0010_24439.jpg,"[30, 42, 65, 87]",0.950881838798523,100.0,1.7001866102218628,96.80134582519533,calm-garden,cozy-plume,3.1986541748046733,009.Brewer_Blackbird,009.Brewer_Blackbird,027.Shiny_Cowbird,True,False,calm-garden,3.1986541748046733
row20_img_idx24_swift-vortex_swift-vortex_best_cozy-plume_cozy-plume_best_densenet161,densenet161,val_cropped/009.Brewer_Blackbird/Brewer_Blackbird_0064_2290.jpg,"[56, 36, 137, 123]",train_cropped/009.Brewer_Blackbird/Brewer_Blackbird_0026_2625.jpg,"[161, 56, 254, 125]",train_cropped/027.Shiny_Cowbird/Shiny_Cowbird_0010_24439.jpg,"[30, 42, 65, 87]",0.8906028270721436,100.0,1.7001866102218628,96.80134582519533,swift-vortex,cozy-plume,3.1986541748046733,009.Brewer_Blackbird,009.Brewer_Blackbird,027.Shiny_Cowbird,True,False,swift-vortex,3.1986541748046733
row12_img_idx24_zany-plume_zany-plume_best_cozy-plume_cozy-plume_best_densenet161,densenet161,val_cropped/009.Brewer_Blackbird/Brewer_Blackbird_0064_2290.jpg,"[51, 40, 136, 125]",train_cropped/009.Brewer_Blackbird/Brewer_Blackbird_0131_2289.jpg,"[42, 54, 156, 98]",train_cropped/027.Shiny_Cowbird/Shiny_Cowbird_0010_24439.jpg,"[30, 42, 65, 87]",0.93207448720932,100.0,1.7001866102218628,96.80134582519533,zany-plume,cozy-plume,3.1986541748046733,009.Brewer_Blackbird,009.Brewer_Blackbird,027.Shiny_Cowbird,True,False,zany-plume,3.1986541748046733
row5_img_idx256_witty-planet_witty-planet_best_dapper-chair_dapper-chair_best_densenet161,densenet161,val_cropped/086.Pacific_Loon/Pacific_Loon_0039_75517.jpg,"[209, 34, 296, 111]",train_cropped/023.Brandt_Cormorant/Brandt_Cormorant_0076_23021.jpg,"[120, 118, 164, 227]",train_cropped/086.Pacific_Loon/Pacific_Loon_0014_75468.jpg,"[26, 17, 97, 41]",0.9110437631607056,100.0,1.081889510154724,96.96969604492188,witty-planet,dapper-chair,3.030303955078125,086.Pacific_Loon,023.Brandt_Cormorant,086.Pacific_Loon,False,True,witty-planet,3.030303955078125
row38_img_idx445_happy-temple_happy-temple_best_warm-beach_warm-beach_best_resnet50[pretraining=inaturalist],resnet50[pretraining=inaturalist],val_cropped/150.Sage_Thrasher/Sage_Thrasher_0083_796450.jpg,"[226, 52, 303, 137]",train_cropped/150.Sage_Thrasher/Sage_Thrasher_0052_155605.jpg,"[35, 47, 100, 84]",train_cropped/110.Geococcyx/Geococcyx_0065_104806.jpg,"[141, 32, 268, 128]",0.7586341500282288,99.49494934082033,0.8738603591918945,96.4646453857422,happy-temple,warm-beach,3.030303955078125,150.Sage_Thrasher,150.Sage_Thrasher,110.Geococcyx,True,False,happy-temple,3.030303955078125
row34_img_idx243_feisty-house_feisty-house_best_clever-wildcat_clever-wildcat_best_resnet50[pretraining=inaturalist],resnet50[pretraining=inaturalist],val_cropped/082.Ringed_Kingfisher/Ringed_Kingfisher_0016_73029.jpg,"[48, 25, 112, 53]",train_cropped/082.Ringed_Kingfisher/Ringed_Kingfisher_0056_72863.jpg,"[83, 46, 164, 117]",train_cropped/032.Mangrove_Cuckoo/Mangrove_Cuckoo_0050_794594.jpg,"[168, 27, 268, 87]",0.7911301851272583,99.66329956054688,0.4682521224021911,96.63299560546876,feisty-house,clever-wildcat,3.030303955078111,082.Ringed_Kingfisher,082.Ringed_Kingfisher,032.Mangrove_Cuckoo,True,False,feisty-house,3.030303955078111
row34_img_idx90_feisty-house_feisty-house_best_clever-wildcat_clever-wildcat_best_resnet50[pretraining=inaturalist],resnet50[pretraining=inaturalist],val_cropped/031.Black_billed_Cuckoo/Black_Billed_Cuckoo_0031_26318.jpg,"[37, 36, 138, 73]",train_cropped/148.Green_tailed_Towhee/Green_Tailed_Towhee_0090_797434.jpg,"[133, 41, 185, 70]",train_cropped/031.Black_billed_Cuckoo/Black_Billed_Cuckoo_0028_26165.jpg,"[61, 56, 132, 154]",0.7531909942626953,99.49494934082033,0.4241978526115417,96.63299560546876,feisty-house,clever-wildcat,2.8619537353515625,031.Black_billed_Cuckoo,148.Green_tailed_Towhee,031.Black_billed_Cuckoo,False,True,feisty-house,2.8619537353515625
row7_img_idx226_snappy-dream_snappy-dream_best_true-season_true-season_best_densenet161,densenet161,val_cropped/076.Dark_eyed_Junco/Dark_Eyed_Junco_0026_68061.jpg,"[74, 88, 188, 173]",train_cropped/076.Dark_eyed_Junco/Dark_Eyed_Junco_0087_68102.jpg,"[0, 57, 123, 85]",train_cropped/011.Rusty_Blackbird/Rusty_Blackbird_0093_6628.jpg,"[34, 57, 115, 85]",0.7272450923919678,99.49494934082033,1.437401294708252,96.80134582519533,snappy-dream,true-season,2.693603515625,076.Dark_eyed_Junco,076.Dark_eyed_Junco,011.Rusty_Blackbird,True,False,snappy-dream,2.693603515625
row8_img_idx268_quirky-spirit_quirky-spirit_best_true-season_true-season_best_densenet161,densenet161,val_cropped/090.Red_breasted_Merganser/Red_Breasted_Merganser_0054_79542.jpg,"[42, 57, 122, 100]",train_cropped/090.Red_breasted_Merganser/Red_Breasted_Merganser_0080_79488.jpg,"[66, 52, 164, 104]",train_cropped/065.Slaty_backed_Gull/Slaty_Backed_Gull_0045_796025.jpg,"[226, 37, 328, 98]",0.8053229451179504,99.49494934082033,1.4581265449523926,96.80134582519533,quirky-spirit,true-season,2.693603515625,090.Red_breasted_Merganser,090.Red_breasted_Merganser,065.Slaty_backed_Gull,True,False,quirky-spirit,2.693603515625
row18_img_idx330_curvy-bridge_curvy-bridge_best_cozy-plume_cozy-plume_best_densenet161,densenet161,val_cropped/111.Loggerhead_Shrike/Loggerhead_Shrike_0018_26407.jpg,"[189, 53, 310, 125]",train_cropped/111.Loggerhead_Shrike/Loggerhead_Shrike_0100_105106.jpg,"[60, 27, 102, 69]",train_cropped/137.Cliff_Swallow/Cliff_Swallow_0044_133927.jpg,"[149, 33, 264, 166]",0.8808379173278809,100.0,2.2793099880218506,97.306396484375,curvy-bridge,cozy-plume,2.693603515625,111.Loggerhead_Shrike,111.Loggerhead_Shrike,137.Cliff_Swallow,True,False,curvy-bridge,2.693603515625
row6_img_idx17_witty-planet_witty-planet_best_true-season_true-season_best_densenet161,densenet161,val_cropped/006.Least_Auklet/Least_Auklet_0063_795134.jpg,"[222, 72, 328, 195]",train_cropped/128.Seaside_Sparrow/Seaside_Sparrow_0002_796536.jpg,"[127, 37, 185, 110]",train_cropped/006.Least_Auklet/Least_Auklet_0050_1924.jpg,"[62, 54, 115, 124]",0.78960782289505,97.47474670410156,2.0498275756835938,100.0,witty-planet,true-season,2.5252532958984375,006.Least_Auklet,128.Seaside_Sparrow,006.Least_Auklet,False,True,witty-planet,2.5252532958984375
row9_img_idx491_rapid-lemon_rapid-lemon_best_shy-snow_shy-snow_best_densenet161,densenet161,val_cropped/166.Golden_winged_Warbler/Golden_Winged_Warbler_0003_164469.jpg,"[101, 58, 160, 113]",train_cropped/166.Golden_winged_Warbler/Golden_Winged_Warbler_0062_794850.jpg,"[43, 52, 127, 128]",train_cropped/138.Tree_Swallow/Tree_Swallow_0017_135062.jpg,"[26, 19, 55, 66]",0.8088430762290955,99.83164978027344,1.3982267379760742,97.306396484375,rapid-lemon,shy-snow,2.5252532958984375,166.Golden_winged_Warbler,166.Golden_winged_Warbler,138.Tree_Swallow,True,False,rapid-lemon,2.5252532958984375
row36_img_idx87_soft-ocean_soft-ocean_best_warm-beach_warm-beach_best_resnet50[pretraining=inaturalist],resnet50[pretraining=inaturalist],val_cropped/030.Fish_Crow/Fish_Crow_0001_26031.jpg,"[60, 27, 136, 79]",train_cropped/030.Fish_Crow/Fish_Crow_0004_25936.jpg,"[59, 73, 179, 166]",train_cropped/107.Common_Raven/Common_Raven_0057_101324.jpg,"[0, 92, 468, 292]",0.6200051307678223,97.64309692382812,0.9191344380378724,100.0,soft-ocean,warm-beach,2.356903076171875,030.Fish_Crow,030.Fish_Crow,107.Common_Raven,True,False,soft-ocean,2.356903076171875
row39_img_idx87_proud-circle_proud-circle_best_warm-beach_warm-beach_best_resnet50[pretraining=inaturalist],resnet50[pretraining=inaturalist],val_cropped/030.Fish_Crow/Fish_Crow_0001_26031.jpg,"[56, 32, 137, 83]",train_cropped/030.Fish_Crow/Fish_Crow_0038_26000.jpg,"[120, 59, 240, 157]",train_cropped/107.Common_Raven/Common_Raven_0057_101324.jpg,"[0, 92, 468, 292]",0.7459193468093872,97.81144714355467,0.9191344380378724,100.0,proud-circle,warm-beach,2.1885528564453267,030.Fish_Crow,030.Fish_Crow,107.Common_Raven,True,False,proud-circle,2.1885528564453267
row29_img_idx531_mellow-melon_mellow-melon_best_clever-wildcat_clever-wildcat_best_resnet50[pretraining=inaturalist],resnet50[pretraining=inaturalist],val_cropped/179.Tennessee_Warbler/Tennessee_Warbler_0019_174786.jpg,"[81, 32, 159, 86]",train_cropped/179.Tennessee_Warbler/Tennessee_Warbler_0034_174854.jpg,"[88, 38, 159, 140]",train_cropped/099.Ovenbird/Ovenbird_0003_92910.jpg,"[66, 86, 147, 179]",0.6553161144256592,97.64309692382812,0.4238510727882385,95.4545440673828,mellow-melon,clever-wildcat,2.1885528564453267,179.Tennessee_Warbler,179.Tennessee_Warbler,099.Ovenbird,True,False,mellow-melon,2.1885528564453267
row55_img_idx407_clever-chair_clever-chair_best_silent-field_silent-field_best_vgg19,vgg19,val_cropped/137.Cliff_Swallow/Cliff_Swallow_0103_133882.jpg,"[145, 17, 198, 47]",train_cropped/137.Cliff_Swallow/Cliff_Swallow_0046_133165.jpg,"[259, 21, 355, 55]",train_cropped/080.Green_Kingfisher/Green_Kingfisher_0042_71028.jpg,"[56, 24, 100, 51]",0.9557448029518129,100.0,1.4594796895980835,97.81144714355467,clever-chair,silent-field,2.1885528564453267,137.Cliff_Swallow,137.Cliff_Swallow,080.Green_Kingfisher,True,False,clever-chair,2.1885528564453267
row18_img_idx345_curvy-bridge_curvy-bridge_best_cozy-plume_cozy-plume_best_densenet161,densenet161,val_cropped/116.Chipping_Sparrow/Chipping_Sparrow_0038_109234.jpg,"[124, 36, 191, 79]",train_cropped/116.Chipping_Sparrow/Chipping_Sparrow_0071_108735.jpg,"[16, 41, 64, 95]",train_cropped/128.Seaside_Sparrow/Seaside_Sparrow_0024_120751.jpg,"[25, 80, 102, 161]",0.8369789123535156,100.0,2.1620514392852783,97.81144714355467,curvy-bridge,cozy-plume,2.1885528564453267,116.Chipping_Sparrow,116.Chipping_Sparrow,128.Seaside_Sparrow,True,False,curvy-bridge,2.1885528564453267
row42_img_idx382_mellow-melon_mellow-melon_best_warm-beach_warm-beach_best_resnet50[pretraining=inaturalist],resnet50[pretraining=inaturalist],val_cropped/129.Song_Sparrow/Song_Sparrow_0010_121331.jpg,"[119, 69, 193, 149]",train_cropped/125.Lincoln_Sparrow/Lincoln_Sparrow_0108_117773.jpg,"[35, 47, 123, 93]",train_cropped/129.Song_Sparrow/Song_Sparrow_0092_121969.jpg,"[82, 30, 143, 164]",0.7488165497779846,99.83164978027344,0.9513776898384094,97.64309692382812,mellow-melon,warm-beach,2.1885528564453125,129.Song_Sparrow,125.Lincoln_Sparrow,129.Song_Sparrow,False,True,mellow-melon,2.1885528564453125
row38_img_idx382_happy-temple_happy-temple_best_warm-beach_warm-beach_best_resnet50[pretraining=inaturalist],resnet50[pretraining=inaturalist],val_cropped/129.Song_Sparrow/Song_Sparrow_0010_121331.jpg,"[122, 61, 193, 150]",train_cropped/130.Tree_Sparrow/Tree_Sparrow_0034_123799.jpg,"[208, 68, 294, 145]",train_cropped/129.Song_Sparrow/Song_Sparrow_0092_121969.jpg,"[82, 30, 143, 164]",0.8663227558135986,99.83164978027344,0.9513776898384094,97.64309692382812,happy-temple,warm-beach,2.1885528564453125,129.Song_Sparrow,130.Tree_Sparrow,129.Song_Sparrow,False,True,happy-temple,2.1885528564453125
row47_img_idx584_plucky-season_plucky-season_best_quiet-pebble_quiet-pebble_best_vgg19,vgg19,val_cropped/197.Marsh_Wren/Marsh_Wren_0141_188796.jpg,"[121, 58, 191, 110]",train_cropped/133.White_throated_Sparrow/White_Throated_Sparrow_0020_129007.jpg,"[101, 45, 159, 76]",train_cropped/197.Marsh_Wren/Marsh_Wren_0056_188241.jpg,"[108, 60, 161, 124]",0.7108338475227356,97.97979736328124,2.9125406742095947,100.0,plucky-season,quiet-pebble,2.020202636718764,197.Marsh_Wren,133.White_throated_Sparrow,197.Marsh_Wren,False,True,plucky-season,2.020202636718764
row18_img_idx376_curvy-bridge_curvy-bridge_best_cozy-plume_cozy-plume_best_densenet161,densenet161,val_cropped/127.Savannah_Sparrow/Savannah_Sparrow_0061_119783.jpg,"[129, 52, 195, 127]",train_cropped/127.Savannah_Sparrow/Savannah_Sparrow_0021_118886.jpg,"[59, 38, 139, 93]",train_cropped/122.Harris_Sparrow/Harris_Sparrow_0020_116379.jpg,"[238, 46, 349, 133]",0.9126229286193848,100.0,1.9885962009429927,97.97979736328124,curvy-bridge,cozy-plume,2.020202636718764,127.Savannah_Sparrow,127.Savannah_Sparrow,122.Harris_Sparrow,True,False,curvy-bridge,2.020202636718764
row11_img_idx484_quirky-spirit_quirky-spirit_best_shy-snow_shy-snow_best_densenet161,densenet161,val_cropped/163.Cape_May_Warbler/Cape_May_Warbler_0103_162972.jpg,"[42, 28, 118, 70]",train_cropped/184.Louisiana_Waterthrush/Louisiana_Waterthrush_0077_795247.jpg,"[149, 97, 275, 134]",train_cropped/163.Cape_May_Warbler/Cape_May_Warbler_0077_162979.jpg,"[35, 40, 87, 87]",0.761947751045227,97.97979736328124,2.005750894546509,100.0,quirky-spirit,shy-snow,2.020202636718764,163.Cape_May_Warbler,184.Louisiana_Waterthrush,163.Cape_May_Warbler,False,True,quirky-spirit,2.020202636718764
row37_img_idx382_feisty-house_feisty-house_best_warm-beach_warm-beach_best_resnet50[pretraining=inaturalist],resnet50[pretraining=inaturalist],val_cropped/129.Song_Sparrow/Song_Sparrow_0010_121331.jpg,"[126, 59, 196, 143]",train_cropped/130.Tree_Sparrow/Tree_Sparrow_0007_122911.jpg,"[156, 50, 246, 108]",train_cropped/129.Song_Sparrow/Song_Sparrow_0092_121969.jpg,"[82, 30, 143, 164]",0.8013401627540588,99.49494934082033,0.9513776898384094,97.64309692382812,feisty-house,warm-beach,1.8518524169922017,129.Song_Sparrow,130.Tree_Sparrow,129.Song_Sparrow,False,True,feisty-house,1.8518524169922017
row2_img_idx24_calm-garden_calm-garden_best_lively-temple_lively-temple_best_densenet161,densenet161,val_cropped/009.Brewer_Blackbird/Brewer_Blackbird_0064_2290.jpg,"[56, 36, 132, 120]",train_cropped/009.Brewer_Blackbird/Brewer_Blackbird_0132_2293.jpg,"[125, 31, 179, 140]",train_cropped/049.Boat_tailed_Grackle/Boat_Tailed_Grackle_0082_33488.jpg,"[55, 88, 141, 146]",0.950881838798523,100.0,2.2267215251922607,98.1481475830078,calm-garden,lively-temple,1.8518524169922017,009.Brewer_Blackbird,009.Brewer_Blackbird,049.Boat_tailed_Grackle,True,False,calm-garden,1.8518524169922017
row17_img_idx75_thrifty-heart_thrifty-heart_best_mighty-ribbon_mighty-ribbon_best_densenet161,densenet161,val_cropped/026.Bronzed_Cowbird/Bronzed_Cowbird_0023_24058.jpg,"[50, 40, 98, 107]",train_cropped/026.Bronzed_Cowbird/Bronzed_Cowbird_0040_24134.jpg,"[15, 22, 58, 45]",train_cropped/009.Brewer_Blackbird/Brewer_Blackbird_0035_2611.jpg,"[102, 47, 237, 108]",0.5406057238578796,98.1481475830078,3.6042380332946777,100.0,thrifty-heart,mighty-ribbon,1.8518524169922017,026.Bronzed_Cowbird,026.Bronzed_Cowbird,009.Brewer_Blackbird,True,False,thrifty-heart,1.8518524169922017
row33_img_idx337_proud-circle_proud-circle_best_clever-wildcat_clever-wildcat_best_resnet50[pretraining=inaturalist],resnet50[pretraining=inaturalist],val_cropped/113.Baird_Sparrow/Baird_Sparrow_0049_787324.jpg,"[29, 31, 79, 83]",train_cropped/113.Baird_Sparrow/Baird_Sparrow_0034_794589.jpg,"[34, 30, 87, 75]",train_cropped/123.Henslow_Sparrow/Henslow_Sparrow_0096_116758.jpg,"[165, 57, 264, 105]",0.6472028493881226,97.81144714355467,0.7283105254173279,99.66329956054688,proud-circle,clever-wildcat,1.8518524169922017,113.Baird_Sparrow,113.Baird_Sparrow,123.Henslow_Sparrow,True,False,proud-circle,1.8518524169922017
row17_img_idx25_thrifty-heart_thrifty-heart_best_mighty-ribbon_mighty-ribbon_best_densenet161,densenet161,val_cropped/009.Brewer_Blackbird/Brewer_Blackbird_0079_2343.jpg,"[122, 99, 238, 176]",train_cropped/009.Brewer_Blackbird/Brewer_Blackbird_0142_2636.jpg,"[40, 42, 103, 101]",train_cropped/011.Rusty_Blackbird/Rusty_Blackbird_0086_6658.jpg,"[32, 39, 92, 104]",0.6062732934951782,97.47474670410156,1.9787771701812744,99.1582489013672,thrifty-heart,mighty-ribbon,1.6835021972656392,009.Brewer_Blackbird,009.Brewer_Blackbird,011.Rusty_Blackbird,True,False,thrifty-heart,1.6835021972656392
row15_img_idx31_rapid-lemon_rapid-lemon_best_mighty-ribbon_mighty-ribbon_best_densenet161,densenet161,val_cropped/011.Rusty_Blackbird/Rusty_Blackbird_0074_6585.jpg,"[39, 76, 117, 135]",train_cropped/196.House_Wren/House_Wren_0126_187647.jpg,"[246, 104, 352, 221]",train_cropped/011.Rusty_Blackbird/Rusty_Blackbird_0086_6658.jpg,"[32, 39, 92, 104]",0.8234840035438538,99.66329956054688,1.7809268236160278,97.97979736328124,rapid-lemon,mighty-ribbon,1.6835021972656392,011.Rusty_Blackbird,196.House_Wren,011.Rusty_Blackbird,False,True,rapid-lemon,1.6835021972656392
row6_img_idx129_witty-planet_witty-planet_best_true-season_true-season_best_densenet161,densenet161,val_cropped/044.Frigatebird/Frigatebird_0070_43516.jpg,"[84, 53, 205, 109]",train_cropped/188.Pileated_Woodpecker/Pileated_Woodpecker_0072_180006.jpg,"[70, 68, 130, 164]",train_cropped/044.Frigatebird/Frigatebird_0021_42913.jpg,"[52, 44, 123, 95]",0.7485104203224182,98.1481475830078,2.191399574279785,99.83164978027344,witty-planet,true-season,1.6835021972656392,044.Frigatebird,188.Pileated_Woodpecker,044.Frigatebird,False,True,witty-planet,1.6835021972656392
row35_img_idx87_soft-ocean_soft-ocean_best_clever-wildcat_clever-wildcat_best_resnet50[pretraining=inaturalist],resnet50[pretraining=inaturalist],val_cropped/030.Fish_Crow/Fish_Crow_0001_26031.jpg,"[56, 29, 135, 79]",train_cropped/030.Fish_Crow/Fish_Crow_0004_25936.jpg,"[59, 73, 179, 166]",train_cropped/107.Common_Raven/Common_Raven_0037_101096.jpg,"[38, 89, 80, 122]",0.6200051307678223,97.64309692382812,0.7236555814743042,99.32659912109376,soft-ocean,clever-wildcat,1.6835021972656392,030.Fish_Crow,030.Fish_Crow,107.Common_Raven,True,False,soft-ocean,1.6835021972656392
row8_img_idx250_quirky-spirit_quirky-spirit_best_true-season_true-season_best_densenet161,densenet161,val_cropped/084.Red_legged_Kittiwake/Red_Legged_Kittiwake_0044_795388.jpg,"[107, 39, 160, 83]",train_cropped/084.Red_legged_Kittiwake/Red_Legged_Kittiwake_0045_795426.jpg,"[21, 30, 87, 58]",train_cropped/072.Pomarine_Jaeger/Pomarine_Jaeger_0072_795743.jpg,"[59, 75, 163, 135]",0.8670862317085266,100.0,1.7462341785430908,98.31649780273438,quirky-spirit,true-season,1.683502197265625,084.Red_legged_Kittiwake,084.Red_legged_Kittiwake,072.Pomarine_Jaeger,True,False,quirky-spirit,1.683502197265625
row5_img_idx397_witty-planet_witty-planet_best_dapper-chair_dapper-chair_best_densenet161,densenet161,val_cropped/134.Cape_Glossy_Starling/Cape_Glossy_Starling_0012_129225.jpg,"[72, 0, 100, 73]",train_cropped/049.Boat_tailed_Grackle/Boat_Tailed_Grackle_0085_33384.jpg,"[78, 112, 129, 174]",train_cropped/134.Cape_Glossy_Starling/Cape_Glossy_Starling_0030_129443.jpg,"[0, 0, 83, 108]",0.8586626648902893,98.31649780273438,2.1493308544158936,100.0,witty-planet,dapper-chair,1.683502197265625,134.Cape_Glossy_Starling,049.Boat_tailed_Grackle,134.Cape_Glossy_Starling,False,True,witty-planet,1.683502197265625
row6_img_idx397_witty-planet_witty-planet_best_true-season_true-season_best_densenet161,densenet161,val_cropped/134.Cape_Glossy_Starling/Cape_Glossy_Starling_0012_129225.jpg,"[72, 0, 105, 72]",train_cropped/049.Boat_tailed_Grackle/Boat_Tailed_Grackle_0085_33384.jpg,"[78, 112, 129, 174]",train_cropped/134.Cape_Glossy_Starling/Cape_Glossy_Starling_0042_129385.jpg,"[42, 0, 85, 106]",0.8586626648902893,98.31649780273438,2.471801519393921,100.0,witty-planet,true-season,1.683502197265625,134.Cape_Glossy_Starling,049.Boat_tailed_Grackle,134.Cape_Glossy_Starling,False,True,witty-planet,1.683502197265625
row7_img_idx250_snappy-dream_snappy-dream_best_true-season_true-season_best_densenet161,densenet161,val_cropped/084.Red_legged_Kittiwake/Red_Legged_Kittiwake_0044_795388.jpg,"[103, 38, 155, 83]",train_cropped/084.Red_legged_Kittiwake/Red_Legged_Kittiwake_0066_795419.jpg,"[165, 54, 264, 116]",train_cropped/072.Pomarine_Jaeger/Pomarine_Jaeger_0072_795743.jpg,"[59, 75, 163, 135]",0.9474890828132628,100.0,1.7462341785430908,98.31649780273438,snappy-dream,true-season,1.683502197265625,084.Red_legged_Kittiwake,084.Red_legged_Kittiwake,072.Pomarine_Jaeger,True,False,snappy-dream,1.683502197265625
row14_img_idx271_calm-garden_calm-garden_best_cozy-plume_cozy-plume_best_densenet161,densenet161,val_cropped/091.Mockingbird/Mockingbird_0083_79862.jpg,"[212, 92, 356, 161]",train_cropped/091.Mockingbird/Mockingbird_0015_80652.jpg,"[148, 67, 251, 138]",train_cropped/102.Western_Wood_Pewee/Western_Wood_Pewee_0076_98002.jpg,"[112, 30, 202, 89]",0.7960435152053833,97.97979736328124,2.2781097888946533,99.49494934082033,calm-garden,cozy-plume,1.515151977539091,091.Mockingbird,091.Mockingbird,102.Western_Wood_Pewee,True,False,calm-garden,1.515151977539091
row33_img_idx87_proud-circle_proud-circle_best_clever-wildcat_clever-wildcat_best_resnet50[pretraining=inaturalist],resnet50[pretraining=inaturalist],val_cropped/030.Fish_Crow/Fish_Crow_0001_26031.jpg,"[50, 34, 136, 83]",train_cropped/030.Fish_Crow/Fish_Crow_0038_26000.jpg,"[120, 59, 240, 157]",train_cropped/107.Common_Raven/Common_Raven_0037_101096.jpg,"[38, 89, 80, 122]",0.7459193468093872,97.81144714355467,0.7236555814743042,99.32659912109376,proud-circle,clever-wildcat,1.515151977539091,030.Fish_Crow,030.Fish_Crow,107.Common_Raven,True,False,proud-circle,1.515151977539091
row18_img_idx261_curvy-bridge_curvy-bridge_best_cozy-plume_cozy-plume_best_densenet161,densenet161,val_cropped/088.Western_Meadowlark/Western_Meadowlark_0050_77864.jpg,"[178, 56, 241, 126]",train_cropped/088.Western_Meadowlark/Western_Meadowlark_0053_77774.jpg,"[118, 38, 186, 107]",train_cropped/128.Seaside_Sparrow/Seaside_Sparrow_0024_120751.jpg,"[25, 80, 102, 161]",0.8936620354652405,100.0,2.235807180404663,98.48484802246094,curvy-bridge,cozy-plume,1.5151519775390625,088.Western_Meadowlark,088.Western_Meadowlark,128.Seaside_Sparrow,True,False,curvy-bridge,1.5151519775390625
row18_img_idx388_curvy-bridge_curvy-bridge_best_cozy-plume_cozy-plume_best_densenet161,densenet161,val_cropped/131.Vesper_Sparrow/Vesper_Sparrow_0022_125719.jpg,"[22, 43, 74, 78]",train_cropped/127.Savannah_Sparrow/Savannah_Sparrow_0080_118120.jpg,"[40, 53, 155, 115]",train_cropped/131.Vesper_Sparrow/Vesper_Sparrow_0062_125669.jpg,"[147, 29, 217, 66]",0.7616410851478577,98.48484802246094,2.054904699325561,100.0,curvy-bridge,cozy-plume,1.5151519775390625,131.Vesper_Sparrow,127.Savannah_Sparrow,131.Vesper_Sparrow,False,True,curvy-bridge,1.5151519775390625
row35_img_idx254_soft-ocean_soft-ocean_best_clever-wildcat_clever-wildcat_best_resnet50[pretraining=inaturalist],resnet50[pretraining=inaturalist],val_cropped/085.Horned_Lark/Horned_Lark_0138_74083.jpg,"[219, 47, 339, 90]",train_cropped/181.Worm_eating_Warbler/Worm_Eating_Warbler_0094_795522.jpg,"[193, 23, 273, 76]",train_cropped/085.Horned_Lark/Horned_Lark_0079_73958.jpg,"[93, 57, 154, 129]",0.6173781156539917,98.31649780273438,0.6509247422218323,99.83164978027344,soft-ocean,clever-wildcat,1.5151519775390625,085.Horned_Lark,181.Worm_eating_Warbler,085.Horned_Lark,False,True,soft-ocean,1.5151519775390625
row14_img_idx140_calm-garden_calm-garden_best_cozy-plume_cozy-plume_best_densenet161,densenet161,val_cropped/047.American_Goldfinch/American_Goldfinch_0135_32107.jpg,"[78, 30, 123, 73]",train_cropped/047.American_Goldfinch/American_Goldfinch_0111_32022.jpg,"[44, 36, 142, 77]",train_cropped/177.Prothonotary_Warbler/Prothonotary_Warbler_0070_174650.jpg,"[65, 0, 111, 61]",0.8521731495857239,100.0,1.815883755683899,98.48484802246094,calm-garden,cozy-plume,1.5151519775390625,047.American_Goldfinch,047.American_Goldfinch,177.Prothonotary_Warbler,True,False,calm-garden,1.5151519775390625
row13_img_idx261_neat-house_neat-house_best_cozy-plume_cozy-plume_best_densenet161,densenet161,val_cropped/088.Western_Meadowlark/Western_Meadowlark_0050_77864.jpg,"[175, 55, 236, 125]",train_cropped/088.Western_Meadowlark/Western_Meadowlark_0015_78610.jpg,"[0, 49, 98, 100]",train_cropped/128.Seaside_Sparrow/Seaside_Sparrow_0024_120751.jpg,"[25, 80, 102, 161]",0.8944868445396423,100.0,2.235807180404663,98.48484802246094,neat-house,cozy-plume,1.5151519775390625,088.Western_Meadowlark,088.Western_Meadowlark,128.Seaside_Sparrow,True,False,neat-house,1.5151519775390625
row12_img_idx543_zany-plume_zany-plume_best_cozy-plume_cozy-plume_best_densenet161,densenet161,val_cropped/183.Northern_Waterthrush/Northern_Waterthrush_0080_177080.jpg,"[111, 74, 189, 153]",train_cropped/183.Northern_Waterthrush/Northern_Waterthrush_0066_177110.jpg,"[142, 56, 238, 133]",train_cropped/184.Louisiana_Waterthrush/Louisiana_Waterthrush_0018_177557.jpg,"[108, 82, 219, 137]",0.8960438966751099,99.83164978027344,1.5149770975112915,98.31649780273438,zany-plume,cozy-plume,1.5151519775390625,183.Northern_Waterthrush,183.Northern_Waterthrush,184.Louisiana_Waterthrush,True,False,zany-plume,1.5151519775390625
row15_img_idx279_rapid-lemon_rapid-lemon_best_mighty-ribbon_mighty-ribbon_best_densenet161,densenet161,val_cropped/094.White_breasted_Nuthatch/White_Breasted_Nuthatch_0040_86127.jpg,"[95, 25, 146, 63]",train_cropped/094.White_breasted_Nuthatch/White_Breasted_Nuthatch_0039_86166.jpg,"[147, 43, 260, 85]",train_cropped/091.Mockingbird/Mockingbird_0103_79659.jpg,"[82, 114, 216, 190]",0.6742732524871826,98.31649780273438,1.4719687700271606,99.83164978027344,rapid-lemon,mighty-ribbon,1.5151519775390625,094.White_breasted_Nuthatch,094.White_breasted_Nuthatch,091.Mockingbird,True,False,rapid-lemon,1.5151519775390625
row20_img_idx261_swift-vortex_swift-vortex_best_cozy-plume_cozy-plume_best_densenet161,densenet161,val_cropped/088.Western_Meadowlark/Western_Meadowlark_0050_77864.jpg,"[175, 56, 237, 125]",train_cropped/088.Western_Meadowlark/Western_Meadowlark_0109_77990.jpg,"[45, 64, 87, 132]",train_cropped/128.Seaside_Sparrow/Seaside_Sparrow_0024_120751.jpg,"[25, 80, 102, 161]",0.8999400734901428,100.0,2.235807180404663,98.48484802246094,swift-vortex,cozy-plume,1.5151519775390625,088.Western_Meadowlark,088.Western_Meadowlark,128.Seaside_Sparrow,True,False,swift-vortex,1.5151519775390625
row7_img_idx129_snappy-dream_snappy-dream_best_true-season_true-season_best_densenet161,densenet161,val_cropped/044.Frigatebird/Frigatebird_0070_43516.jpg,"[75, 61, 207, 113]",train_cropped/188.Pileated_Woodpecker/Pileated_Woodpecker_0087_179959.jpg,"[83, 50, 152, 128]",train_cropped/044.Frigatebird/Frigatebird_0021_42913.jpg,"[52, 44, 123, 95]",0.6446279287338257,98.31649780273438,2.191399574279785,99.83164978027344,snappy-dream,true-season,1.5151519775390625,044.Frigatebird,188.Pileated_Woodpecker,044.Frigatebird,False,True,snappy-dream,1.5151519775390625
row3_img_idx271_nifty-season_nifty-season_best_dapper-chair_dapper-chair_best_densenet161,densenet161,val_cropped/091.Mockingbird/Mockingbird_0083_79862.jpg,"[204, 80, 322, 145]",train_cropped/091.Mockingbird/Mockingbird_0047_80819.jpg,"[33, 33, 105, 64]",train_cropped/040.Olive_sided_Flycatcher/Olive_Sided_Flycatcher_0064_30485.jpg,"[91, 0, 171, 135]",0.739503026008606,98.6531982421875,1.49599289894104,100.0,nifty-season,dapper-chair,1.3468017578125,091.Mockingbird,091.Mockingbird,040.Olive_sided_Flycatcher,True,False,nifty-season,1.3468017578125
row12_img_idx140_zany-plume_zany-plume_best_cozy-plume_cozy-plume_best_densenet161,densenet161,val_cropped/047.American_Goldfinch/American_Goldfinch_0135_32107.jpg,"[76, 33, 120, 73]",train_cropped/047.American_Goldfinch/American_Goldfinch_0126_32480.jpg,"[68, 27, 110, 76]",train_cropped/177.Prothonotary_Warbler/Prothonotary_Warbler_0070_174650.jpg,"[65, 0, 111, 61]",0.857819139957428,99.83164978027344,1.815883755683899,98.48484802246094,zany-plume,cozy-plume,1.3468017578125,047.American_Goldfinch,047.American_Goldfinch,177.Prothonotary_Warbler,True,False,zany-plume,1.3468017578125
row11_img_idx15_quirky-spirit_quirky-spirit_best_shy-snow_shy-snow_best_densenet161,densenet161,val_cropped/006.Least_Auklet/Least_Auklet_0030_795116.jpg,"[73, 42, 125, 82]",train_cropped/006.Least_Auklet/Least_Auklet_0050_1924.jpg,"[57, 64, 121, 135]",train_cropped/080.Green_Kingfisher/Green_Kingfisher_0005_71352.jpg,"[83, 70, 156, 129]",0.8913565874099731,100.0,1.6273062229156494,98.6531982421875,quirky-spirit,shy-snow,1.3468017578125,006.Least_Auklet,006.Least_Auklet,080.Green_Kingfisher,True,False,quirky-spirit,1.3468017578125
row14_img_idx388_calm-garden_calm-garden_best_cozy-plume_cozy-plume_best_densenet161,densenet161,val_cropped/131.Vesper_Sparrow/Vesper_Sparrow_0022_125719.jpg,"[27, 42, 74, 80]",train_cropped/127.Savannah_Sparrow/Savannah_Sparrow_0052_118583.jpg,"[142, 35, 231, 94]",train_cropped/131.Vesper_Sparrow/Vesper_Sparrow_0062_125669.jpg,"[147, 29, 217, 66]",0.7920237183570862,98.6531982421875,2.054904699325561,100.0,calm-garden,cozy-plume,1.3468017578125,131.Vesper_Sparrow,127.Savannah_Sparrow,131.Vesper_Sparrow,False,True,calm-garden,1.3468017578125
row34_img_idx1_feisty-house_feisty-house_best_clever-wildcat_clever-wildcat_best_resnet50[pretraining=inaturalist],resnet50[pretraining=inaturalist],val_cropped/001.Black_footed_Albatross/Black_Footed_Albatross_0040_796066.jpg,"[193, 82, 301, 165]",train_cropped/001.Black_footed_Albatross/Black_Footed_Albatross_0007_796138.jpg,"[63, 40, 101, 112]",train_cropped/003.Sooty_Albatross/Sooty_Albatross_0068_796353.jpg,"[38, 76, 70, 150]",0.6950504183769226,98.6531982421875,0.8305108547210693,100.0,feisty-house,clever-wildcat,1.3468017578125,001.Black_footed_Albatross,001.Black_footed_Albatross,003.Sooty_Albatross,True,False,feisty-house,1.3468017578125
row8_img_idx183_quirky-spirit_quirky-spirit_best_true-season_true-season_best_densenet161,densenet161,val_cropped/062.Herring_Gull/Herring_Gull_0010_46425.jpg,"[37, 50, 138, 109]",train_cropped/062.Herring_Gull/Herring_Gull_0105_46113.jpg,"[151, 58, 248, 98]",train_cropped/147.Least_Tern/Least_Tern_0109_154127.jpg,"[260, 36, 337, 113]",0.9208213090896606,99.83164978027344,1.2075048685073853,98.48484802246094,quirky-spirit,true-season,1.3468017578125,062.Herring_Gull,062.Herring_Gull,147.Least_Tern,True,False,quirky-spirit,1.3468017578125
row1_img_idx380_cheeky-unicorn_cheeky-unicorn_best_lively-temple_lively-temple_best_densenet161,densenet161,val_cropped/128.Seaside_Sparrow/Seaside_Sparrow_0047_796520.jpg,"[86, 42, 134, 86]",train_cropped/128.Seaside_Sparrow/Seaside_Sparrow_0036_120785.jpg,"[27, 27, 60, 62]",train_cropped/067.Anna_Hummingbird/Anna_Hummingbird_0047_56049.jpg,"[50, 95, 112, 131]",0.7226983904838562,98.31649780273438,1.6186232566833496,99.49494934082033,cheeky-unicorn,lively-temple,1.1784515380859517,128.Seaside_Sparrow,128.Seaside_Sparrow,067.Anna_Hummingbird,True,False,cheeky-unicorn,1.1784515380859517
row12_img_idx186_zany-plume_zany-plume_best_cozy-plume_cozy-plume_best_densenet161,densenet161,val_cropped/063.Ivory_Gull/Ivory_Gull_0040_49180.jpg,"[38, 31, 130, 75]",train_cropped/141.Artic_Tern/Artic_Tern_0026_141839.jpg,"[72, 107, 155, 193]",train_cropped/063.Ivory_Gull/Ivory_Gull_0074_49698.jpg,"[0, 0, 107, 123]",0.7183364629745483,98.31649780273438,2.0151524543762207,99.49494934082033,zany-plume,cozy-plume,1.1784515380859517,063.Ivory_Gull,141.Artic_Tern,063.Ivory_Gull,False,True,zany-plume,1.1784515380859517
row9_img_idx393_rapid-lemon_rapid-lemon_best_shy-snow_shy-snow_best_densenet161,densenet161,val_cropped/132.White_crowned_Sparrow/White_Crowned_Sparrow_0124_128082.jpg,"[166, 44, 267, 89]",train_cropped/085.Horned_Lark/Horned_Lark_0076_73931.jpg,"[95, 32, 166, 63]",train_cropped/132.White_crowned_Sparrow/White_Crowned_Sparrow_0107_128662.jpg,"[37, 25, 72, 69]",0.7624371647834778,99.66329956054688,1.1563187837600708,98.48484802246094,rapid-lemon,shy-snow,1.1784515380859375,132.White_crowned_Sparrow,085.Horned_Lark,132.White_crowned_Sparrow,False,True,rapid-lemon,1.1784515380859375
row17_img_idx528_thrifty-heart_thrifty-heart_best_mighty-ribbon_mighty-ribbon_best_densenet161,densenet161,val_cropped/178.Swainson_Warbler/Swainson_Warbler_0039_794859.jpg,"[136, 59, 245, 110]",train_cropped/178.Swainson_Warbler/Swainson_Warbler_0019_174692.jpg,"[61, 28, 115, 106]",train_cropped/198.Rock_Wren/Rock_Wren_0114_189283.jpg,"[115, 57, 213, 126]",0.7393134236335754,99.83164978027344,1.2359676361083984,98.6531982421875,thrifty-heart,mighty-ribbon,1.1784515380859375,178.Swainson_Warbler,178.Swainson_Warbler,198.Rock_Wren,True,False,thrifty-heart,1.1784515380859375
row0_img_idx87_neat-cloud_neat-cloud_best_lively-temple_lively-temple_best_densenet161,densenet161,val_cropped/030.Fish_Crow/Fish_Crow_0001_26031.jpg,"[60, 30, 139, 88]",train_cropped/030.Fish_Crow/Fish_Crow_0024_26064.jpg,"[85, 31, 129, 64]",train_cropped/029.American_Crow/American_Crow_0074_25350.jpg,"[82, 0, 242, 112]",0.906623125076294,98.82154846191406,3.205122232437134,100.0,neat-cloud,lively-temple,1.1784515380859375,030.Fish_Crow,030.Fish_Crow,029.American_Crow,True,False,neat-cloud,1.1784515380859375
row37_img_idx87_feisty-house_feisty-house_best_warm-beach_warm-beach_best_resnet50[pretraining=inaturalist],resnet50[pretraining=inaturalist],val_cropped/030.Fish_Crow/Fish_Crow_0001_26031.jpg,"[61, 30, 144, 83]",train_cropped/030.Fish_Crow/Fish_Crow_0079_26030.jpg,"[116, 70, 177, 129]",train_cropped/107.Common_Raven/Common_Raven_0057_101324.jpg,"[0, 92, 468, 292]",0.6924052834510803,98.82154846191406,0.9191344380378724,100.0,feisty-house,warm-beach,1.1784515380859375,030.Fish_Crow,030.Fish_Crow,107.Common_Raven,True,False,feisty-house,1.1784515380859375
row1_img_idx114_cheeky-unicorn_cheeky-unicorn_best_lively-temple_lively-temple_best_densenet161,densenet161,val_cropped/039.Least_Flycatcher/Least_Flycatcher_0034_30151.jpg,"[71, 30, 111, 93]",train_cropped/155.Warbling_Vireo/Warbling_Vireo_0045_158399.jpg,"[49, 39, 103, 77]",train_cropped/039.Least_Flycatcher/Least_Flycatcher_0021_30355.jpg,"[65, 0, 99, 156]",0.815048098564148,98.6531982421875,1.784568428993225,99.83164978027344,cheeky-unicorn,lively-temple,1.1784515380859375,039.Least_Flycatcher,155.Warbling_Vireo,039.Least_Flycatcher,False,True,cheeky-unicorn,1.1784515380859375
row1_img_idx87_cheeky-unicorn_cheeky-unicorn_best_lively-temple_lively-temple_best_densenet161,densenet161,val_cropped/030.Fish_Crow/Fish_Crow_0001_26031.jpg,"[57, 33, 147, 85]",train_cropped/030.Fish_Crow/Fish_Crow_0078_26144.jpg,"[59, 39, 128, 97]",train_cropped/029.American_Crow/American_Crow_0074_25350.jpg,"[82, 0, 242, 112]",0.889326274394989,98.82154846191406,3.205122232437134,100.0,cheeky-unicorn,lively-temple,1.1784515380859375,030.Fish_Crow,030.Fish_Crow,029.American_Crow,True,False,cheeky-unicorn,1.1784515380859375
row49_img_idx584_glossy-snow_glossy-snow_best_feisty-wildcat_feisty-wildcat_best_vgg19,vgg19,val_cropped/197.Marsh_Wren/Marsh_Wren_0141_188796.jpg,"[127, 57, 195, 110]",train_cropped/130.Tree_Sparrow/Tree_Sparrow_0125_123078.jpg,"[156, 81, 320, 167]",train_cropped/197.Marsh_Wren/Marsh_Wren_0039_188201.jpg,"[27, 84, 111, 172]",0.7780782580375671,98.82154846191406,1.7705137729644775,100.0,glossy-snow,feisty-wildcat,1.1784515380859375,197.Marsh_Wren,130.Tree_Sparrow,197.Marsh_Wren,False,True,glossy-snow,1.1784515380859375
row35_img_idx288_soft-ocean_soft-ocean_best_clever-wildcat_clever-wildcat_best_resnet50[pretraining=inaturalist],resnet50[pretraining=inaturalist],val_cropped/097.Orchard_Oriole/Orchard_Oriole_0009_91902.jpg,"[55, 34, 90, 97]",train_cropped/097.Orchard_Oriole/Orchard_Oriole_0082_91654.jpg,"[143, 40, 211, 95]",train_cropped/008.Rhinoceros_Auklet/Rhinoceros_Auklet_0019_797513.jpg,"[74, 110, 111, 177]",0.780112087726593,100.0,0.5330984592437744,98.82154846191406,soft-ocean,clever-wildcat,1.1784515380859375,097.Orchard_Oriole,097.Orchard_Oriole,008.Rhinoceros_Auklet,True,False,soft-ocean,1.1784515380859375
row5_img_idx589_witty-planet_witty-planet_best_dapper-chair_dapper-chair_best_densenet161,densenet161,val_cropped/199.Winter_Wren/Winter_Wren_0118_189805.jpg,"[117, 46, 217, 119]",train_cropped/105.Whip_poor_Will/Whip_Poor_Will_0037_796405.jpg,"[71, 44, 177, 85]",train_cropped/199.Winter_Wren/Winter_Wren_0066_189637.jpg,"[63, 44, 105, 74]",0.8250027298927307,98.6531982421875,2.0851449966430664,99.83164978027344,witty-planet,dapper-chair,1.1784515380859375,199.Winter_Wren,105.Whip_poor_Will,199.Winter_Wren,False,True,witty-planet,1.1784515380859375
row34_img_idx288_feisty-house_feisty-house_best_clever-wildcat_clever-wildcat_best_resnet50[pretraining=inaturalist],resnet50[pretraining=inaturalist],val_cropped/097.Orchard_Oriole/Orchard_Oriole_0009_91902.jpg,"[53, 35, 85, 95]",train_cropped/097.Orchard_Oriole/Orchard_Oriole_0011_91592.jpg,"[110, 74, 189, 147]",train_cropped/008.Rhinoceros_Auklet/Rhinoceros_Auklet_0019_797513.jpg,"[74, 110, 111, 177]",0.7008530497550964,97.81144714355467,0.5330984592437744,98.82154846191406,feisty-house,clever-wildcat,1.0101013183593892,097.Orchard_Oriole,097.Orchard_Oriole,008.Rhinoceros_Auklet,True,False,feisty-house,1.0101013183593892
row12_img_idx271_zany-plume_zany-plume_best_cozy-plume_cozy-plume_best_densenet161,densenet161,val_cropped/091.Mockingbird/Mockingbird_0083_79862.jpg,"[210, 90, 332, 171]",train_cropped/091.Mockingbird/Mockingbird_0046_81086.jpg,"[202, 55, 316, 114]",train_cropped/102.Western_Wood_Pewee/Western_Wood_Pewee_0076_98002.jpg,"[112, 30, 202, 89]",0.7689600586891174,98.48484802246094,2.2781097888946533,99.49494934082033,zany-plume,cozy-plume,1.0101013183593892,091.Mockingbird,091.Mockingbird,102.Western_Wood_Pewee,True,False,zany-plume,1.0101013183593892
row17_img_idx456_thrifty-heart_thrifty-heart_best_mighty-ribbon_mighty-ribbon_best_densenet161,densenet161,val_cropped/154.Red_eyed_Vireo/Red_Eyed_Vireo_0019_156921.jpg,"[164, 31, 239, 106]",train_cropped/154.Red_eyed_Vireo/Red_Eyed_Vireo_0003_157226.jpg,"[68, 54, 157, 101]",train_cropped/115.Brewer_Sparrow/Brewer_Sparrow_0060_107391.jpg,"[182, 45, 286, 90]",0.7481260895729065,100.0,1.1795982122421265,98.98989868164062,thrifty-heart,mighty-ribbon,1.010101318359375,154.Red_eyed_Vireo,154.Red_eyed_Vireo,115.Brewer_Sparrow,True,False,thrifty-heart,1.010101318359375
row19_img_idx588_spunky-train_spunky-train_best_cozy-plume_cozy-plume_best_densenet161,densenet161,val_cropped/199.Winter_Wren/Winter_Wren_0030_190311.jpg,"[79, 91, 188, 157]",train_cropped/199.Winter_Wren/Winter_Wren_0075_189578.jpg,"[76, 72, 161, 126]",train_cropped/034.Gray_crowned_Rosy_Finch/Gray_Crowned_Rosy_Finch_0055_27112.jpg,"[70, 44, 158, 86]",0.8594688773155212,99.83164978027344,1.6114336252212524,98.82154846191406,spunky-train,cozy-plume,1.010101318359375,199.Winter_Wren,199.Winter_Wren,034.Gray_crowned_Rosy_Finch,True,False,spunky-train,1.010101318359375
row30_img_idx30_happy-temple_happy-temple_best_clever-wildcat_clever-wildcat_best_resnet50[pretraining=inaturalist],resnet50[pretraining=inaturalist],val_cropped/011.Rusty_Blackbird/Rusty_Blackbird_0032_6611.jpg,"[109, 36, 178, 79]",train_cropped/019.Gray_Catbird/Gray_Catbird_0117_21333.jpg,"[45, 57, 122, 126]",train_cropped/011.Rusty_Blackbird/Rusty_Blackbird_0009_6853.jpg,"[98, 0, 135, 85]",0.8316908478736877,100.0,0.5675951242446899,98.98989868164062,happy-temple,clever-wildcat,1.010101318359375,011.Rusty_Blackbird,019.Gray_Catbird,011.Rusty_Blackbird,False,True,happy-temple,1.010101318359375
row17_img_idx171_thrifty-heart_thrifty-heart_best_mighty-ribbon_mighty-ribbon_best_densenet161,densenet161,val_cropped/058.Pigeon_Guillemot/Pigeon_Guillemot_0059_39929.jpg,"[28, 23, 103, 63]",train_cropped/058.Pigeon_Guillemot/Pigeon_Guillemot_0053_39876.jpg,"[77, 55, 141, 113]",train_cropped/046.Gadwall/Gadwall_0031_30935.jpg,"[207, 60, 306, 99]",0.8334534168243408,99.83164978027344,1.1892766952514648,98.82154846191406,thrifty-heart,mighty-ribbon,1.010101318359375,058.Pigeon_Guillemot,058.Pigeon_Guillemot,046.Gadwall,True,False,thrifty-heart,1.010101318359375
row41_img_idx87_quirk-sculpture_quirk-sculpture_best_warm-beach_warm-beach_best_resnet50[pretraining=inaturalist],resnet50[pretraining=inaturalist],val_cropped/030.Fish_Crow/Fish_Crow_0001_26031.jpg,"[57, 31, 139, 83]",train_cropped/030.Fish_Crow/Fish_Crow_0022_26062.jpg,"[94, 83, 178, 162]",train_cropped/107.Common_Raven/Common_Raven_0057_101324.jpg,"[0, 92, 468, 292]",0.7472306489944458,98.98989868164062,0.9191344380378724,100.0,quirk-sculpture,warm-beach,1.010101318359375,030.Fish_Crow,030.Fish_Crow,107.Common_Raven,True,False,quirk-sculpture,1.010101318359375
row9_img_idx64_rapid-lemon_rapid-lemon_best_shy-snow_shy-snow_best_densenet161,densenet161,val_cropped/022.Chuck_will_Widow/Chuck_Will_Widow_0026_796963.jpg,"[100, 68, 193, 133]",train_cropped/092.Nighthawk/Nighthawk_0063_795339.jpg,"[43, 117, 75, 196]",train_cropped/022.Chuck_will_Widow/Chuck_Will_Widow_0056_796996.jpg,"[90, 72, 191, 117]",0.6966411471366882,98.6531982421875,1.6943782567977903,99.66329956054688,rapid-lemon,shy-snow,1.010101318359375,022.Chuck_will_Widow,092.Nighthawk,022.Chuck_will_Widow,False,True,rapid-lemon,1.010101318359375
row53_img_idx92_wild-glove_wild-glove_best_sturdy-cherry_sturdy-cherry_best_vgg19,vgg19,val_cropped/031.Black_billed_Cuckoo/Black_Billed_Cuckoo_0093_795316.jpg,"[81, 29, 155, 75]",train_cropped/154.Red_eyed_Vireo/Red_Eyed_Vireo_0073_156944.jpg,"[60, 0, 200, 194]",train_cropped/031.Black_billed_Cuckoo/Black_Billed_Cuckoo_0077_26222.jpg,"[132, 35, 197, 127]",0.6914356350898743,98.98989868164062,1.6949458122253418,100.0,wild-glove,sturdy-cherry,1.010101318359375,031.Black_billed_Cuckoo,154.Red_eyed_Vireo,031.Black_billed_Cuckoo,False,True,wild-glove,1.010101318359375
